{
  "total_epochs": 50,
  "last_train_loss": 0.5751438039975861,
  "last_val_loss": 0.6127421156399779,
  "last_metrics": {
    "accuracy": 0.8625,
    "precision": 0.7409766454352441,
    "recall": 0.8211764705882353,
    "f1_score": 0.7790178571428571,
    "mse": 0.0198364220559597,
    "mae": 0.10056383162736893,
    "tp": 349,
    "tn": 893,
    "fp": 122,
    "fn": 76
  },
  "last_trained": "2025-11-27T20:15:29.855972"
  
}